Año,Mes,Rango de hora,Cantidad_muertes
2017,Enero,00:01-02:00,24
2017,Febrero,00:01-02:00,23
2017,Marzo,00:01-02:00,25
2017,Abril,00:01-02:00,24
2017,Mayo,00:01-02:00,32
2017,Junio,00:01-02:00,22
2017,Julio,00:01-02:00,8
2017,Agosto,00:01-02:00,14
2017,Septiembre,00:01-02:00,15
2017,Octubre,00:01-02:00,18
2017,Noviembre,00:01-02:00,9
2017,Diciembre,00:01-02:00,18
2017,Enero,02:01-04:00,29
2017,Febrero,02:01-04:00,16
2017,Marzo,02:01-04:00,12
2017,Abril,02:01-04:00,13
2017,Mayo,02:01-04:00,10
2017,Junio,02:01-04:00,30
2017,Julio,02:01-04:00,24
2017,Agosto,02:01-04:00,8
2017,Septiembre,02:01-04:00,13
2017,Octubre,02:01-04:00,12
2017,Noviembre,02:01-04:00,11
2017,Diciembre,02:01-04:00,17
2017,Enero,04:01-06:00,37
2017,Febrero,04:01-06:00,24
2017,Marzo,04:01-06:00,24
2017,Abril,04:01-06:00,14
2017,Mayo,04:01-06:00,30
2017,Junio,04:01-06:00,18
2017,Julio,04:01-06:00,9
2017,Agosto,04:01-06:00,25
2017,Septiembre,04:01-06:00,9
2017,Octubre,04:01-06:00,21
2017,Noviembre,04:01-06:00,7
2017,Diciembre,04:01-06:00,16
2017,Enero,06:01-08:00,55
2017,Febrero,06:01-08:00,54
2017,Marzo,06:01-08:00,48
2017,Abril,06:01-08:00,43
2017,Mayo,06:01-08:00,49
2017,Junio,06:01-08:00,69
2017,Julio,06:01-08:00,28
2017,Agosto,06:01-08:00,36
2017,Septiembre,06:01-08:00,38
2017,Octubre,06:01-08:00,35
2017,Noviembre,06:01-08:00,40
2017,Diciembre,06:01-08:00,35
2017,Enero,08:01-10:00,114
2017,Febrero,08:01-10:00,119
2017,Marzo,08:01-10:00,136
2017,Abril,08:01-10:00,127
2017,Mayo,08:01-10:00,106
2017,Junio,08:01-10:00,178
2017,Julio,08:01-10:00,68
2017,Agosto,08:01-10:00,109
2017,Septiembre,08:01-10:00,84
2017,Octubre,08:01-10:00,162
2017,Noviembre,08:01-10:00,94
2017,Diciembre,08:01-10:00,80
2017,Enero,10:01-12:00,163
2017,Febrero,10:01-12:00,118
2017,Marzo,10:01-12:00,160
2017,Abril,10:01-12:00,134
2017,Mayo,10:01-12:00,134
2017,Junio,10:01-12:00,230
2017,Julio,10:01-12:00,103
2017,Agosto,10:01-12:00,150
2017,Septiembre,10:01-12:00,138
2017,Octubre,10:01-12:00,155
2017,Noviembre,10:01-12:00,146
2017,Diciembre,10:01-12:00,94
2017,Enero,12:01-14:00,145
2017,Febrero,12:01-14:00,108
2017,Marzo,12:01-14:00,138
2017,Abril,12:01-14:00,125
2017,Mayo,12:01-14:00,110
2017,Junio,12:01-14:00,182
2017,Julio,12:01-14:00,92
2017,Agosto,12:01-14:00,99
2017,Septiembre,12:01-14:00,74
2017,Octubre,12:01-14:00,150
2017,Noviembre,12:01-14:00,114
2017,Diciembre,12:01-14:00,94
2017,Enero,14:01-16:00,98
2017,Febrero,14:01-16:00,93
2017,Marzo,14:01-16:00,92
2017,Abril,14:01-16:00,126
2017,Mayo,14:01-16:00,129
2017,Junio,14:01-16:00,162
2017,Julio,14:01-16:00,68
2017,Agosto,14:01-16:00,82
2017,Septiembre,14:01-16:00,83
2017,Octubre,14:01-16:00,98
2017,Noviembre,14:01-16:00,151
2017,Diciembre,14:01-16:00,89
2017,Enero,16:01-18:00,99
2017,Febrero,16:01-18:00,74
2017,Marzo,16:01-18:00,105
2017,Abril,16:01-18:00,113
2017,Mayo,16:01-18:00,75
2017,Junio,16:01-18:00,139
2017,Julio,16:01-18:00,64
2017,Agosto,16:01-18:00,89
2017,Septiembre,16:01-18:00,72
2017,Octubre,16:01-18:00,102
2017,Noviembre,16:01-18:00,109
2017,Diciembre,16:01-18:00,81
2017,Enero,18:01-20:00,58
2017,Febrero,18:01-20:00,74
2017,Marzo,18:01-20:00,61
2017,Abril,18:01-20:00,96
2017,Mayo,18:01-20:00,88
2017,Junio,18:01-20:00,102
2017,Julio,18:01-20:00,42
2017,Agosto,18:01-20:00,62
2017,Septiembre,18:01-20:00,64
2017,Octubre,18:01-20:00,83
2017,Noviembre,18:01-20:00,71
2017,Diciembre,18:01-20:00,82
2017,Enero,20:01-22:00,59
2017,Febrero,20:01-22:00,60
2017,Marzo,20:01-22:00,70
2017,Abril,20:01-22:00,46
2017,Mayo,20:01-22:00,38
2017,Junio,20:01-22:00,82
2017,Julio,20:01-22:00,25
2017,Agosto,20:01-22:00,63
2017,Septiembre,20:01-22:00,54
2017,Octubre,20:01-22:00,64
2017,Noviembre,20:01-22:00,42
2017,Diciembre,20:01-22:00,88
2017,Enero,22:01-24:00,24
2017,Febrero,22:01-24:00,35
2017,Marzo,22:01-24:00,43
2017,Abril,22:01-24:00,34
2017,Mayo,22:01-24:00,35
2017,Junio,22:01-24:00,30
2017,Julio,22:01-24:00,21
2017,Agosto,22:01-24:00,49
2017,Septiembre,22:01-24:00,33
2017,Octubre,22:01-24:00,33
2017,Noviembre,22:01-24:00,28
2017,Diciembre,22:01-24:00,32
2019,Enero,00:01-02:00,45
2019,Febrero,00:01-02:00,27
2019,Marzo,00:01-02:00,32
2019,Abril,00:01-02:00,27
2019,Mayo,00:01-02:00,31
2019,Junio,00:01-02:00,53
2019,Julio,00:01-02:00,43
2019,Agosto,00:01-02:00,48
2019,Septiembre,00:01-02:00,28
2019,Octubre,00:01-02:00,40
2019,Noviembre,00:01-02:00,52
2019,Diciembre,00:01-02:00,61
2019,Enero,02:01-04:00,16
2019,Febrero,02:01-04:00,28
2019,Marzo,02:01-04:00,43
2019,Abril,02:01-04:00,22
2019,Mayo,02:01-04:00,31
2019,Junio,02:01-04:00,13
2019,Julio,02:01-04:00,45
2019,Agosto,02:01-04:00,24
2019,Septiembre,02:01-04:00,29
2019,Octubre,02:01-04:00,31
2019,Noviembre,02:01-04:00,64
2019,Diciembre,02:01-04:00,59
2019,Enero,04:01-06:00,39
2019,Febrero,04:01-06:00,29
2019,Marzo,04:01-06:00,39
2019,Abril,04:01-06:00,15
2019,Mayo,04:01-06:00,25
2019,Junio,04:01-06:00,45
2019,Julio,04:01-06:00,49
2019,Agosto,04:01-06:00,37
2019,Septiembre,04:01-06:00,55
2019,Octubre,04:01-06:00,50
2019,Noviembre,04:01-06:00,62
2019,Diciembre,04:01-06:00,62
2019,Enero,06:01-08:00,109
2019,Febrero,06:01-08:00,117
2019,Marzo,06:01-08:00,119
2019,Abril,06:01-08:00,87
2019,Mayo,06:01-08:00,83
2019,Junio,06:01-08:00,111
2019,Julio,06:01-08:00,136
2019,Agosto,06:01-08:00,128
2019,Septiembre,06:01-08:00,81
2019,Octubre,06:01-08:00,155
2019,Noviembre,06:01-08:00,138
2019,Diciembre,06:01-08:00,151
2019,Enero,08:01-10:00,138
2019,Febrero,08:01-10:00,124
2019,Marzo,08:01-10:00,179
2019,Abril,08:01-10:00,172
2019,Mayo,08:01-10:00,181
2019,Junio,08:01-10:00,108
2019,Julio,08:01-10:00,260
2019,Agosto,08:01-10:00,150
2019,Septiembre,08:01-10:00,208
2019,Octubre,08:01-10:00,182
2019,Noviembre,08:01-10:00,177
2019,Diciembre,08:01-10:00,142
2019,Enero,10:01-12:00,187
2019,Febrero,10:01-12:00,165
2019,Marzo,10:01-12:00,173
2019,Abril,10:01-12:00,218
2019,Mayo,10:01-12:00,195
2019,Junio,10:01-12:00,112
2019,Julio,10:01-12:00,299
2019,Agosto,10:01-12:00,142
2019,Septiembre,10:01-12:00,224
2019,Octubre,10:01-12:00,201
2019,Noviembre,10:01-12:00,195
2019,Diciembre,10:01-12:00,161
2019,Enero,12:01-14:00,144
2019,Febrero,12:01-14:00,162
2019,Marzo,12:01-14:00,162
2019,Abril,12:01-14:00,206
2019,Mayo,12:01-14:00,197
2019,Junio,12:01-14:00,109
2019,Julio,12:01-14:00,202
2019,Agosto,12:01-14:00,174
2019,Septiembre,12:01-14:00,198
2019,Octubre,12:01-14:00,206
2019,Noviembre,12:01-14:00,152
2019,Diciembre,12:01-14:00,177
2019,Enero,14:01-16:00,172
2019,Febrero,14:01-16:00,165
2019,Marzo,14:01-16:00,161
2019,Abril,14:01-16:00,225
2019,Mayo,14:01-16:00,168
2019,Junio,14:01-16:00,128
2019,Julio,14:01-16:00,189
2019,Agosto,14:01-16:00,168
2019,Septiembre,14:01-16:00,212
2019,Octubre,14:01-16:00,186
2019,Noviembre,14:01-16:00,220
2019,Diciembre,14:01-16:00,170
2019,Enero,16:01-18:00,159
2019,Febrero,16:01-18:00,140
2019,Marzo,16:01-18:00,185
2019,Abril,16:01-18:00,183
2019,Mayo,16:01-18:00,169
2019,Junio,16:01-18:00,138
2019,Julio,16:01-18:00,176
2019,Agosto,16:01-18:00,198
2019,Septiembre,16:01-18:00,153
2019,Octubre,16:01-18:00,239
2019,Noviembre,16:01-18:00,191
2019,Diciembre,16:01-18:00,204
2019,Enero,18:01-20:00,141
2019,Febrero,18:01-20:00,122
2019,Marzo,18:01-20:00,139
2019,Abril,18:01-20:00,141
2019,Mayo,18:01-20:00,141
2019,Junio,18:01-20:00,128
2019,Julio,18:01-20:00,112
2019,Agosto,18:01-20:00,149
2019,Septiembre,18:01-20:00,106
2019,Octubre,18:01-20:00,179
2019,Noviembre,18:01-20:00,175
2019,Diciembre,18:01-20:00,224
2019,Enero,20:01-22:00,110
2019,Febrero,20:01-22:00,96
2019,Marzo,20:01-22:00,141
2019,Abril,20:01-22:00,87
2019,Mayo,20:01-22:00,105
2019,Junio,20:01-22:00,84
2019,Julio,20:01-22:00,98
2019,Agosto,20:01-22:00,125
2019,Septiembre,20:01-22:00,65
2019,Octubre,20:01-22:00,117
2019,Noviembre,20:01-22:00,133
2019,Diciembre,20:01-22:00,155
2019,Enero,22:01-24:00,49
2019,Febrero,22:01-24:00,51
2019,Marzo,22:01-24:00,59
2019,Abril,22:01-24:00,49
2019,Mayo,22:01-24:00,58
2019,Junio,22:01-24:00,53
2019,Julio,22:01-24:00,73
2019,Agosto,22:01-24:00,86
2019,Septiembre,22:01-24:00,52
2019,Octubre,22:01-24:00,78
2019,Noviembre,22:01-24:00,91
2019,Diciembre,22:01-24:00,115
2020,Enero,00:01-02:00,70
2020,Febrero,00:01-02:00,46
2020,Marzo,00:01-02:00,37
2020,Abril,00:01-02:00,8
2020,Mayo,00:01-02:00,6
2020,Junio,00:01-02:00,11
2020,Julio,00:01-02:00,13
2020,Agosto,00:01-02:00,7
2020,Septiembre,00:01-02:00,7
2020,Octubre,00:01-02:00,25
2020,Noviembre,00:01-02:00,21
2020,Diciembre,00:01-02:00,11
2020,Enero,02:01-04:00,40
2020,Febrero,02:01-04:00,53
2020,Marzo,02:01-04:00,25
2020,Abril,02:01-04:00,1
2020,Mayo,02:01-04:00,7
2020,Junio,02:01-04:00,3
2020,Julio,02:01-04:00,8
2020,Agosto,02:01-04:00,2
2020,Septiembre,02:01-04:00,11
2020,Octubre,02:01-04:00,19
2020,Noviembre,02:01-04:00,22
2020,Diciembre,02:01-04:00,9
2020,Enero,04:01-06:00,55
2020,Febrero,04:01-06:00,36
2020,Marzo,04:01-06:00,20
2020,Abril,04:01-06:00,14
2020,Mayo,04:01-06:00,11
2020,Junio,04:01-06:00,17
2020,Julio,04:01-06:00,22
2020,Agosto,04:01-06:00,19
2020,Septiembre,04:01-06:00,22
2020,Octubre,04:01-06:00,20
2020,Noviembre,04:01-06:00,27
2020,Diciembre,04:01-06:00,39
2020,Enero,06:01-08:00,170
2020,Febrero,06:01-08:00,162
2020,Marzo,06:01-08:00,59
2020,Abril,06:01-08:00,54
2020,Mayo,06:01-08:00,73
2020,Junio,06:01-08:00,83
2020,Julio,06:01-08:00,87
2020,Agosto,06:01-08:00,88
2020,Septiembre,06:01-08:00,91
2020,Octubre,06:01-08:00,100
2020,Noviembre,06:01-08:00,112
2020,Diciembre,06:01-08:00,114
2020,Enero,08:01-10:00,157
2020,Febrero,08:01-10:00,120
2020,Marzo,08:01-10:00,104
2020,Abril,08:01-10:00,80
2020,Mayo,08:01-10:00,111
2020,Junio,08:01-10:00,137
2020,Julio,08:01-10:00,129
2020,Agosto,08:01-10:00,120
2020,Septiembre,08:01-10:00,155
2020,Octubre,08:01-10:00,183
2020,Noviembre,08:01-10:00,159
2020,Diciembre,08:01-10:00,202
2020,Enero,10:01-12:00,126
2020,Febrero,10:01-12:00,172
2020,Marzo,10:01-12:00,119
2020,Abril,10:01-12:00,108
2020,Mayo,10:01-12:00,145
2020,Junio,10:01-12:00,183
2020,Julio,10:01-12:00,178
2020,Agosto,10:01-12:00,146
2020,Septiembre,10:01-12:00,194
2020,Octubre,10:01-12:00,173
2020,Noviembre,10:01-12:00,209
2020,Diciembre,10:01-12:00,198
2020,Enero,12:01-14:00,165
2020,Febrero,12:01-14:00,175
2020,Marzo,12:01-14:00,129
2020,Abril,12:01-14:00,92
2020,Mayo,12:01-14:00,134
2020,Junio,12:01-14:00,188
2020,Julio,12:01-14:00,169
2020,Agosto,12:01-14:00,166
2020,Septiembre,12:01-14:00,162
2020,Octubre,12:01-14:00,184
2020,Noviembre,12:01-14:00,226
2020,Diciembre,12:01-14:00,212
2020,Enero,14:01-16:00,165
2020,Febrero,14:01-16:00,147
2020,Marzo,14:01-16:00,142
2020,Abril,14:01-16:00,142
2020,Mayo,14:01-16:00,166
2020,Junio,14:01-16:00,182
2020,Julio,14:01-16:00,168
2020,Agosto,14:01-16:00,243
2020,Septiembre,14:01-16:00,194
2020,Octubre,14:01-16:00,188
2020,Noviembre,14:01-16:00,195
2020,Diciembre,14:01-16:00,197
2020,Enero,16:01-18:00,163
2020,Febrero,16:01-18:00,170
2020,Marzo,16:01-18:00,144
2020,Abril,16:01-18:00,113
2020,Mayo,16:01-18:00,196
2020,Junio,16:01-18:00,193
2020,Julio,16:01-18:00,195
2020,Agosto,16:01-18:00,247
2020,Septiembre,16:01-18:00,234
2020,Octubre,16:01-18:00,234
2020,Noviembre,16:01-18:00,241
2020,Diciembre,16:01-18:00,234
2020,Enero,18:01-20:00,195
2020,Febrero,18:01-20:00,199
2020,Marzo,18:01-20:00,130
2020,Abril,18:01-20:00,30
2020,Mayo,18:01-20:00,83
2020,Junio,18:01-20:00,146
2020,Julio,18:01-20:00,143
2020,Agosto,18:01-20:00,140
2020,Septiembre,18:01-20:00,139
2020,Octubre,18:01-20:00,223
2020,Noviembre,18:01-20:00,257
2020,Diciembre,18:01-20:00,235
2020,Enero,20:01-22:00,160
2020,Febrero,20:01-22:00,134
2020,Marzo,20:01-22:00,80
2020,Abril,20:01-22:00,18
2020,Mayo,20:01-22:00,29
2020,Junio,20:01-22:00,48
2020,Julio,20:01-22:00,129
2020,Agosto,20:01-22:00,56
2020,Septiembre,20:01-22:00,83
2020,Octubre,20:01-22:00,100
2020,Noviembre,20:01-22:00,148
2020,Diciembre,20:01-22:00,108
2020,Enero,22:01-24:00,68
2020,Febrero,22:01-24:00,86
2020,Marzo,22:01-24:00,55
2020,Abril,22:01-24:00,1
2020,Mayo,22:01-24:00,22
2020,Junio,22:01-24:00,15
2020,Julio,22:01-24:00,45
2020,Agosto,22:01-24:00,16
2020,Septiembre,22:01-24:00,30
2020,Octubre,22:01-24:00,35
2020,Noviembre,22:01-24:00,54
2020,Diciembre,22:01-24:00,42
2021,Enero,00:01-02:00,18
2021,Febrero,00:01-02:00,22
2021,Marzo,00:01-02:00,24
2021,Abril,00:01-02:00,24
2021,Mayo,00:01-02:00,26
2021,Junio,00:01-02:00,23
2021,Julio,00:01-02:00,30
2021,Agosto,00:01-02:00,78
2021,Septiembre,00:01-02:00,68
2021,Octubre,00:01-02:00,69
2021,Noviembre,00:01-02:00,72
2021,Diciembre,00:01-02:00,111
2021,Enero,02:01-04:00,16
2021,Febrero,02:01-04:00,16
2021,Marzo,02:01-04:00,38
2021,Abril,02:01-04:00,17
2021,Mayo,02:01-04:00,7
2021,Junio,02:01-04:00,25
2021,Julio,02:01-04:00,10
2021,Agosto,02:01-04:00,28
2021,Septiembre,02:01-04:00,27
2021,Octubre,02:01-04:00,55
2021,Noviembre,02:01-04:00,55
2021,Diciembre,02:01-04:00,79
2021,Enero,04:01-06:00,36
2021,Febrero,04:01-06:00,40
2021,Marzo,04:01-06:00,37
2021,Abril,04:01-06:00,15
2021,Mayo,04:01-06:00,26
2021,Junio,04:01-06:00,30
2021,Julio,04:01-06:00,16
2021,Agosto,04:01-06:00,61
2021,Septiembre,04:01-06:00,32
2021,Octubre,04:01-06:00,71
2021,Noviembre,04:01-06:00,70
2021,Diciembre,04:01-06:00,74
2021,Enero,06:01-08:00,128
2021,Febrero,06:01-08:00,121
2021,Marzo,06:01-08:00,120
2021,Abril,06:01-08:00,109
2021,Mayo,06:01-08:00,119
2021,Junio,06:01-08:00,93
2021,Julio,06:01-08:00,100
2021,Agosto,06:01-08:00,107
2021,Septiembre,06:01-08:00,134
2021,Octubre,06:01-08:00,131
2021,Noviembre,06:01-08:00,181
2021,Diciembre,06:01-08:00,165
2021,Enero,08:01-10:00,183
2021,Febrero,08:01-10:00,149
2021,Marzo,08:01-10:00,158
2021,Abril,08:01-10:00,130
2021,Mayo,08:01-10:00,167
2021,Junio,08:01-10:00,159
2021,Julio,08:01-10:00,131
2021,Agosto,08:01-10:00,168
2021,Septiembre,08:01-10:00,169
2021,Octubre,08:01-10:00,187
2021,Noviembre,08:01-10:00,202
2021,Diciembre,08:01-10:00,160
2021,Enero,10:01-12:00,251
2021,Febrero,10:01-12:00,141
2021,Marzo,10:01-12:00,159
2021,Abril,10:01-12:00,174
2021,Mayo,10:01-12:00,142
2021,Junio,10:01-12:00,179
2021,Julio,10:01-12:00,142
2021,Agosto,10:01-12:00,178
2021,Septiembre,10:01-12:00,189
2021,Octubre,10:01-12:00,163
2021,Noviembre,10:01-12:00,163
2021,Diciembre,10:01-12:00,195
2021,Enero,12:01-14:00,188
2021,Febrero,12:01-14:00,163
2021,Marzo,12:01-14:00,145
2021,Abril,12:01-14:00,206
2021,Mayo,12:01-14:00,187
2021,Junio,12:01-14:00,145
2021,Julio,12:01-14:00,143
2021,Agosto,12:01-14:00,171
2021,Septiembre,12:01-14:00,190
2021,Octubre,12:01-14:00,171
2021,Noviembre,12:01-14:00,168
2021,Diciembre,12:01-14:00,191
2021,Enero,14:01-16:00,182
2021,Febrero,14:01-16:00,195
2021,Marzo,14:01-16:00,195
2021,Abril,14:01-16:00,216
2021,Mayo,14:01-16:00,151
2021,Junio,14:01-16:00,202
2021,Julio,14:01-16:00,141
2021,Agosto,14:01-16:00,168
2021,Septiembre,14:01-16:00,190
2021,Octubre,14:01-16:00,170
2021,Noviembre,14:01-16:00,154
2021,Diciembre,14:01-16:00,198
2021,Enero,16:01-18:00,195
2021,Febrero,16:01-18:00,227
2021,Marzo,16:01-18:00,221
2021,Abril,16:01-18:00,218
2021,Mayo,16:01-18:00,195
2021,Junio,16:01-18:00,210
2021,Julio,16:01-18:00,160
2021,Agosto,16:01-18:00,204
2021,Septiembre,16:01-18:00,192
2021,Octubre,16:01-18:00,181
2021,Noviembre,16:01-18:00,192
2021,Diciembre,16:01-18:00,228
2021,Enero,18:01-20:00,182
2021,Febrero,18:01-20:00,192
2021,Marzo,18:01-20:00,189
2021,Abril,18:01-20:00,179
2021,Mayo,18:01-20:00,182
2021,Junio,18:01-20:00,173
2021,Julio,18:01-20:00,138
2021,Agosto,18:01-20:00,167
2021,Septiembre,18:01-20:00,184
2021,Octubre,18:01-20:00,190
2021,Noviembre,18:01-20:00,178
2021,Diciembre,18:01-20:00,191
2021,Enero,20:01-22:00,85
2021,Febrero,20:01-22:00,132
2021,Marzo,20:01-22:00,140
2021,Abril,20:01-22:00,181
2021,Mayo,20:01-22:00,192
2021,Junio,20:01-22:00,117
2021,Julio,20:01-22:00,151
2021,Agosto,20:01-22:00,149
2021,Septiembre,20:01-22:00,157
2021,Octubre,20:01-22:00,123
2021,Noviembre,20:01-22:00,109
2021,Diciembre,20:01-22:00,145
2021,Enero,22:01-24:00,42
2021,Febrero,22:01-24:00,43
2021,Marzo,22:01-24:00,64
2021,Abril,22:01-24:00,77
2021,Mayo,22:01-24:00,112
2021,Junio,22:01-24:00,37
2021,Julio,22:01-24:00,54
2021,Agosto,22:01-24:00,89
2021,Septiembre,22:01-24:00,73
2021,Octubre,22:01-24:00,92
2021,Noviembre,22:01-24:00,65
2021,Diciembre,22:01-24:00,102
2022,Enero,00:01-02:00,79
2022,Febrero,00:01-02:00,44
2022,Marzo,00:01-02:00,62
2022,Abril,00:01-02:00,74
2022,Mayo,00:01-02:00,57
2022,Junio,00:01-02:00,60
2022,Julio,00:01-02:00,65
2022,Agosto,00:01-02:00,54
2022,Septiembre,00:01-02:00,42
2022,Octubre,00:01-02:00,57
2022,Noviembre,00:01-02:00,47
2022,Diciembre,00:01-02:00,50
2022,Enero,02:01-04:00,52
2022,Febrero,02:01-04:00,40
2022,Marzo,02:01-04:00,49
2022,Abril,02:01-04:00,39
2022,Mayo,02:01-04:00,67
2022,Junio,02:01-04:00,49
2022,Julio,02:01-04:00,66
2022,Agosto,02:01-04:00,39
2022,Septiembre,02:01-04:00,42
2022,Octubre,02:01-04:00,34
2022,Noviembre,02:01-04:00,29
2022,Diciembre,02:01-04:00,51
2022,Enero,04:01-06:00,55
2022,Febrero,04:01-06:00,40
2022,Marzo,04:01-06:00,25
2022,Abril,04:01-06:00,55
2022,Mayo,04:01-06:00,63
2022,Junio,04:01-06:00,51
2022,Julio,04:01-06:00,39
2022,Agosto,04:01-06:00,59
2022,Septiembre,04:01-06:00,53
2022,Octubre,04:01-06:00,59
2022,Noviembre,04:01-06:00,33
2022,Diciembre,04:01-06:00,91
2022,Enero,06:01-08:00,119
2022,Febrero,06:01-08:00,135
2022,Marzo,06:01-08:00,174
2022,Abril,06:01-08:00,143
2022,Mayo,06:01-08:00,163
2022,Junio,06:01-08:00,150
2022,Julio,06:01-08:00,120
2022,Agosto,06:01-08:00,123
2022,Septiembre,06:01-08:00,158
2022,Octubre,06:01-08:00,158
2022,Noviembre,06:01-08:00,128
2022,Diciembre,06:01-08:00,132
2022,Enero,08:01-10:00,168
2022,Febrero,08:01-10:00,183
2022,Marzo,08:01-10:00,179
2022,Abril,08:01-10:00,175
2022,Mayo,08:01-10:00,206
2022,Junio,08:01-10:00,162
2022,Julio,08:01-10:00,146
2022,Agosto,08:01-10:00,149
2022,Septiembre,08:01-10:00,144
2022,Octubre,08:01-10:00,215
2022,Noviembre,08:01-10:00,168
2022,Diciembre,08:01-10:00,190
2022,Enero,10:01-12:00,176
2022,Febrero,10:01-12:00,144
2022,Marzo,10:01-12:00,171
2022,Abril,10:01-12:00,176
2022,Mayo,10:01-12:00,170
2022,Junio,10:01-12:00,189
2022,Julio,10:01-12:00,225
2022,Agosto,10:01-12:00,178
2022,Septiembre,10:01-12:00,144
2022,Octubre,10:01-12:00,166
2022,Noviembre,10:01-12:00,149
2022,Diciembre,10:01-12:00,202
2022,Enero,12:01-14:00,145
2022,Febrero,12:01-14:00,177
2022,Marzo,12:01-14:00,184
2022,Abril,12:01-14:00,202
2022,Mayo,12:01-14:00,159
2022,Junio,12:01-14:00,178
2022,Julio,12:01-14:00,240
2022,Agosto,12:01-14:00,122
2022,Septiembre,12:01-14:00,145
2022,Octubre,12:01-14:00,168
2022,Noviembre,12:01-14:00,125
2022,Diciembre,12:01-14:00,168
2022,Enero,14:01-16:00,166
2022,Febrero,14:01-16:00,196
2022,Marzo,14:01-16:00,171
2022,Abril,14:01-16:00,178
2022,Mayo,14:01-16:00,191
2022,Junio,14:01-16:00,175
2022,Julio,14:01-16:00,160
2022,Agosto,14:01-16:00,161
2022,Septiembre,14:01-16:00,128
2022,Octubre,14:01-16:00,168
2022,Noviembre,14:01-16:00,124
2022,Diciembre,14:01-16:00,154
2022,Enero,16:01-18:00,215
2022,Febrero,16:01-18:00,184
2022,Marzo,16:01-18:00,182
2022,Abril,16:01-18:00,213
2022,Mayo,16:01-18:00,244
2022,Junio,16:01-18:00,171
2022,Julio,16:01-18:00,175
2022,Agosto,16:01-18:00,178
2022,Septiembre,16:01-18:00,163
2022,Octubre,16:01-18:00,224
2022,Noviembre,16:01-18:00,146
2022,Diciembre,16:01-18:00,202
2022,Enero,18:01-20:00,189
2022,Febrero,18:01-20:00,187
2022,Marzo,18:01-20:00,187
2022,Abril,18:01-20:00,209
2022,Mayo,18:01-20:00,150
2022,Junio,18:01-20:00,130
2022,Julio,18:01-20:00,182
2022,Agosto,18:01-20:00,188
2022,Septiembre,18:01-20:00,140
2022,Octubre,18:01-20:00,150
2022,Noviembre,18:01-20:00,114
2022,Diciembre,18:01-20:00,199
2022,Enero,20:01-22:00,100
2022,Febrero,20:01-22:00,128
2022,Marzo,20:01-22:00,150
2022,Abril,20:01-22:00,169
2022,Mayo,20:01-22:00,154
2022,Junio,20:01-22:00,136
2022,Julio,20:01-22:00,117
2022,Agosto,20:01-22:00,146
2022,Septiembre,20:01-22:00,104
2022,Octubre,20:01-22:00,122
2022,Noviembre,20:01-22:00,111
2022,Diciembre,20:01-22:00,131
2022,Enero,22:01-24:00,81
2022,Febrero,22:01-24:00,104
2022,Marzo,22:01-24:00,71
2022,Abril,22:01-24:00,80
2022,Mayo,22:01-24:00,79
2022,Junio,22:01-24:00,65
2022,Julio,22:01-24:00,82
2022,Agosto,22:01-24:00,67
2022,Septiembre,22:01-24:00,66
2022,Octubre,22:01-24:00,72
2022,Noviembre,22:01-24:00,68
2022,Diciembre,22:01-24:00,58
2023,Enero,00:01-02:00,42
2023,Febrero,00:01-02:00,46
2023,Marzo,00:01-02:00,33
2023,Abril,00:01-02:00,46
2023,Mayo,00:01-02:00,56
2023,Junio,00:01-02:00,40
2023,Julio,00:01-02:00,70
2023,Agosto,00:01-02:00,71
2023,Septiembre,00:01-02:00,51
2023,Octubre,00:01-02:00,76
2023,Noviembre,00:01-02:00,55
2023,Diciembre,00:01-02:00,89
2023,Enero,02:01-04:00,58
2023,Febrero,02:01-04:00,47
2023,Marzo,02:01-04:00,38
2023,Abril,02:01-04:00,44
2023,Mayo,02:01-04:00,34
2023,Junio,02:01-04:00,53
2023,Julio,02:01-04:00,69
2023,Agosto,02:01-04:00,63
2023,Septiembre,02:01-04:00,63
2023,Octubre,02:01-04:00,41
2023,Noviembre,02:01-04:00,37
2023,Diciembre,02:01-04:00,79
2023,Enero,04:01-06:00,48
2023,Febrero,04:01-06:00,41
2023,Marzo,04:01-06:00,32
2023,Abril,04:01-06:00,39
2023,Mayo,04:01-06:00,47
2023,Junio,04:01-06:00,40
2023,Julio,04:01-06:00,72
2023,Agosto,04:01-06:00,66
2023,Septiembre,04:01-06:00,64
2023,Octubre,04:01-06:00,50
2023,Noviembre,04:01-06:00,35
2023,Diciembre,04:01-06:00,54
2023,Enero,06:01-08:00,129
2023,Febrero,06:01-08:00,118
2023,Marzo,06:01-08:00,115
2023,Abril,06:01-08:00,167
2023,Mayo,06:01-08:00,148
2023,Junio,06:01-08:00,98
2023,Julio,06:01-08:00,141
2023,Agosto,06:01-08:00,120
2023,Septiembre,06:01-08:00,153
2023,Octubre,06:01-08:00,142
2023,Noviembre,06:01-08:00,162
2023,Diciembre,06:01-08:00,122
2023,Enero,08:01-10:00,159
2023,Febrero,08:01-10:00,132
2023,Marzo,08:01-10:00,161
2023,Abril,08:01-10:00,155
2023,Mayo,08:01-10:00,145
2023,Junio,08:01-10:00,134
2023,Julio,08:01-10:00,129
2023,Agosto,08:01-10:00,178
2023,Septiembre,08:01-10:00,156
2023,Octubre,08:01-10:00,148
2023,Noviembre,08:01-10:00,132
2023,Diciembre,08:01-10:00,180
2023,Enero,10:01-12:00,140
2023,Febrero,10:01-12:00,130
2023,Marzo,10:01-12:00,141
2023,Abril,10:01-12:00,155
2023,Mayo,10:01-12:00,143
2023,Junio,10:01-12:00,124
2023,Julio,10:01-12:00,163
2023,Agosto,10:01-12:00,150
2023,Septiembre,10:01-12:00,172
2023,Octubre,10:01-12:00,143
2023,Noviembre,10:01-12:00,136
2023,Diciembre,10:01-12:00,169
2023,Enero,12:01-14:00,167
2023,Febrero,12:01-14:00,141
2023,Marzo,12:01-14:00,162
2023,Abril,12:01-14:00,142
2023,Mayo,12:01-14:00,145
2023,Junio,12:01-14:00,151
2023,Julio,12:01-14:00,172
2023,Agosto,12:01-14:00,159
2023,Septiembre,12:01-14:00,163
2023,Octubre,12:01-14:00,147
2023,Noviembre,12:01-14:00,109
2023,Diciembre,12:01-14:00,165
2023,Enero,14:01-16:00,156
2023,Febrero,14:01-16:00,138
2023,Marzo,14:01-16:00,133
2023,Abril,14:01-16:00,155
2023,Mayo,14:01-16:00,149
2023,Junio,14:01-16:00,181
2023,Julio,14:01-16:00,166
2023,Agosto,14:01-16:00,158
2023,Septiembre,14:01-16:00,116
2023,Octubre,14:01-16:00,176
2023,Noviembre,14:01-16:00,122
2023,Diciembre,14:01-16:00,176
2023,Enero,16:01-18:00,162
2023,Febrero,16:01-18:00,218
2023,Marzo,16:01-18:00,161
2023,Abril,16:01-18:00,181
2023,Mayo,16:01-18:00,179
2023,Junio,16:01-18:00,181
2023,Julio,16:01-18:00,214
2023,Agosto,16:01-18:00,176
2023,Septiembre,16:01-18:00,189
2023,Octubre,16:01-18:00,190
2023,Noviembre,16:01-18:00,140
2023,Diciembre,16:01-18:00,228
2023,Enero,18:01-20:00,175
2023,Febrero,18:01-20:00,131
2023,Marzo,18:01-20:00,163
2023,Abril,18:01-20:00,205
2023,Mayo,18:01-20:00,165
2023,Junio,18:01-20:00,191
2023,Julio,18:01-20:00,194
2023,Agosto,18:01-20:00,163
2023,Septiembre,18:01-20:00,153
2023,Octubre,18:01-20:00,188
2023,Noviembre,18:01-20:00,141
2023,Diciembre,18:01-20:00,223
2023,Enero,20:01-22:00,145
2023,Febrero,20:01-22:00,121
2023,Marzo,20:01-22:00,145
2023,Abril,20:01-22:00,110
2023,Mayo,20:01-22:00,119
2023,Junio,20:01-22:00,147
2023,Julio,20:01-22:00,164
2023,Agosto,20:01-22:00,145
2023,Septiembre,20:01-22:00,125
2023,Octubre,20:01-22:00,109
2023,Noviembre,20:01-22:00,100
2023,Diciembre,20:01-22:00,180
2023,Enero,22:01-24:00,72
2023,Febrero,22:01-24:00,65
2023,Marzo,22:01-24:00,76
2023,Abril,22:01-24:00,96
2023,Mayo,22:01-24:00,71
2023,Junio,22:01-24:00,97
2023,Julio,22:01-24:00,95
2023,Agosto,22:01-24:00,80
2023,Septiembre,22:01-24:00,69
2023,Octubre,22:01-24:00,74
2023,Noviembre,22:01-24:00,76
2023,Diciembre,22:01-24:00,139
2024,Enero,00:01-02:00,91
2024,Febrero,00:01-02:00,52
2024,Marzo,00:01-02:00,52
2024,Abril,00:01-02:00,58
2024,Mayo,00:01-02:00,61
2024,Junio,00:01-02:00,76
2024,Julio,00:01-02:00,66
2024,Agosto,00:01-02:00,78
2024,Septiembre,00:01-02:00,80
2024,Octubre,00:01-02:00,48
2024,Noviembre,00:01-02:00,57
2024,Diciembre,00:01-02:00,87
2024,Enero,02:01-04:00,83
2024,Febrero,02:01-04:00,51
2024,Marzo,02:01-04:00,65
2024,Abril,02:01-04:00,47
2024,Mayo,02:01-04:00,51
2024,Junio,02:01-04:00,72
2024,Julio,02:01-04:00,50
2024,Agosto,02:01-04:00,45
2024,Septiembre,02:01-04:00,59
2024,Octubre,02:01-04:00,47
2024,Noviembre,02:01-04:00,70
2024,Diciembre,02:01-04:00,60
2024,Enero,04:01-06:00,49
2024,Febrero,04:01-06:00,51
2024,Marzo,04:01-06:00,66
2024,Abril,04:01-06:00,43
2024,Mayo,04:01-06:00,54
2024,Junio,04:01-06:00,47
2024,Julio,04:01-06:00,60
2024,Agosto,04:01-06:00,56
2024,Septiembre,04:01-06:00,48
2024,Octubre,04:01-06:00,50
2024,Noviembre,04:01-06:00,49
2024,Diciembre,04:01-06:00,75
2024,Enero,06:01-08:00,153
2024,Febrero,06:01-08:00,178
2024,Marzo,06:01-08:00,141
2024,Abril,06:01-08:00,163
2024,Mayo,06:01-08:00,118
2024,Junio,06:01-08:00,123
2024,Julio,06:01-08:00,130
2024,Agosto,06:01-08:00,119
2024,Septiembre,06:01-08:00,161
2024,Octubre,06:01-08:00,167
2024,Noviembre,06:01-08:00,136
2024,Diciembre,06:01-08:00,147
2024,Enero,08:01-10:00,206
2024,Febrero,08:01-10:00,196
2024,Marzo,08:01-10:00,171
2024,Abril,08:01-10:00,174
2024,Mayo,08:01-10:00,186
2024,Junio,08:01-10:00,144
2024,Julio,08:01-10:00,146
2024,Agosto,08:01-10:00,162
2024,Septiembre,08:01-10:00,145
2024,Octubre,08:01-10:00,153
2024,Noviembre,08:01-10:00,132
2024,Diciembre,08:01-10:00,166
2024,Enero,10:01-12:00,185
2024,Febrero,10:01-12:00,122
2024,Marzo,10:01-12:00,175
2024,Abril,10:01-12:00,145
2024,Mayo,10:01-12:00,185
2024,Junio,10:01-12:00,149
2024,Julio,10:01-12:00,135
2024,Agosto,10:01-12:00,159
2024,Septiembre,10:01-12:00,160
2024,Octubre,10:01-12:00,131
2024,Noviembre,10:01-12:00,138
2024,Diciembre,10:01-12:00,164
2024,Enero,12:01-14:00,177
2024,Febrero,12:01-14:00,167
2024,Marzo,12:01-14:00,160
2024,Abril,12:01-14:00,172
2024,Mayo,12:01-14:00,141
2024,Junio,12:01-14:00,154
2024,Julio,12:01-14:00,155
2024,Agosto,12:01-14:00,169
2024,Septiembre,12:01-14:00,171
2024,Octubre,12:01-14:00,165
2024,Noviembre,12:01-14:00,169
2024,Diciembre,12:01-14:00,196
2024,Enero,14:01-16:00,189
2024,Febrero,14:01-16:00,148
2024,Marzo,14:01-16:00,185
2024,Abril,14:01-16:00,207
2024,Mayo,14:01-16:00,139
2024,Junio,14:01-16:00,144
2024,Julio,14:01-16:00,145
2024,Agosto,14:01-16:00,198
2024,Septiembre,14:01-16:00,157
2024,Octubre,14:01-16:00,157
2024,Noviembre,14:01-16:00,141
2024,Diciembre,14:01-16:00,198
2024,Enero,16:01-18:00,184
2024,Febrero,16:01-18:00,231
2024,Marzo,16:01-18:00,219
2024,Abril,16:01-18:00,186
2024,Mayo,16:01-18:00,192
2024,Junio,16:01-18:00,208
2024,Julio,16:01-18:00,154
2024,Agosto,16:01-18:00,197
2024,Septiembre,16:01-18:00,193
2024,Octubre,16:01-18:00,188
2024,Noviembre,16:01-18:00,199
2024,Diciembre,16:01-18:00,239
2024,Enero,18:01-20:00,225
2024,Febrero,18:01-20:00,197
2024,Marzo,18:01-20:00,270
2024,Abril,18:01-20:00,161
2024,Mayo,18:01-20:00,215
2024,Junio,18:01-20:00,187
2024,Julio,18:01-20:00,147
2024,Agosto,18:01-20:00,211
2024,Septiembre,18:01-20:00,162
2024,Octubre,18:01-20:00,199
2024,Noviembre,18:01-20:00,167
2024,Diciembre,18:01-20:00,260
2024,Enero,20:01-22:00,155
2024,Febrero,20:01-22:00,150
2024,Marzo,20:01-22:00,167
2024,Abril,20:01-22:00,133
2024,Mayo,20:01-22:00,147
2024,Junio,20:01-22:00,143
2024,Julio,20:01-22:00,142
2024,Agosto,20:01-22:00,162
2024,Septiembre,20:01-22:00,128
2024,Octubre,20:01-22:00,148
2024,Noviembre,20:01-22:00,113
2024,Diciembre,20:01-22:00,142
2024,Enero,22:01-24:00,109
2024,Febrero,22:01-24:00,99
2024,Marzo,22:01-24:00,95
2024,Abril,22:01-24:00,88
2024,Mayo,22:01-24:00,88
2024,Junio,22:01-24:00,119
2024,Julio,22:01-24:00,70
2024,Agosto,22:01-24:00,113
2024,Septiembre,22:01-24:00,73
2024,Octubre,22:01-24:00,97
2024,Noviembre,22:01-24:00,83
2024,Diciembre,22:01-24:00,126
