Provincia,Año,Autopista,Avenida,Calle,Carretera,Elevado,Tunel,Puente,Autovía,Bulevar,Cruce,Camino vecinal,Otras,No daclarada
Distrito Nacional,2017,68,2385,1073,31,5,1,11,3,0,0,0,5,30
Azua,2017,0,12,45,150,0,0,0,0,0,0,0,0,2
Baoruco,2017,0,0,28,18,0,0,0,0,0,1,0,0,2
Barahona,2017,3,5,4,27,0,0,0,0,0,0,0,0,5
Dajabón,2017,0,0,9,8,0,0,1,0,0,0,0,0,0
Duarte,2017,5,20,49,65,0,0,0,8,0,1,0,0,3
Elías Piña,2017,0,3,9,12,0,0,0,0,0,0,1,0,4
El Seibo,2017,0,3,8,29,0,0,0,0,0,0,0,0,0
Espaillat,2017,9,2,73,10,0,0,0,0,0,0,0,0,7
Independencia,2017,0,0,16,25,0,0,0,0,0,0,0,0,2
La Altagracia,2017,11,15,8,48,0,0,0,1,14,0,0,0,1
La Romana,2017,0,10,33,34,0,0,0,7,0,0,1,0,3
La Vega,2017,59,55,64,95,0,0,0,0,0,0,0,0,6
María Trinidad Sánchez,2017,0,0,14,82,0,0,4,0,0,0,0,0,0
Monte Cristi,2017,3,0,14,15,0,0,0,0,0,0,0,0,2
Pedernales,2017,0,0,6,16,0,0,0,0,0,0,0,0,1
Peravia,2017,0,3,39,149,0,0,0,0,0,0,0,0,5
Puerto Plata,2017,1,6,5,38,0,0,0,0,0,0,0,0,4
Hermanas Mirabal,2017,0,1,28,26,0,0,0,0,0,0,0,0,6
Samaná,2017,10,5,69,46,0,0,0,0,4,0,0,0,4
San Cristóbal,2017,162,32,122,127,0,0,0,0,0,0,0,0,8
San Juan,2017,5,1,37,38,0,0,2,0,0,0,5,0,10
San Pedro de Macorís,2017,10,20,27,84,0,0,0,21,15,0,0,0,3
Sánchez Ramírez,2017,0,0,12,26,0,0,0,0,0,0,3,0,0
Santiago,2017,70,228,186,176,0,0,0,0,0,0,1,1,5
Santiago Rodríguez,2017,0,0,1,19,0,0,0,0,0,0,0,0,0
Valverde,2017,14,7,6,29,0,0,0,0,0,0,0,0,0
Monseñor Nouel,2017,117,11,37,9,0,0,0,0,0,0,0,0,6
Monte Plata,2017,7,0,1,16,0,0,0,0,0,0,0,0,7
Hato Mayor,2017,2,0,7,37,0,0,0,0,0,0,0,0,1
San José de Ocoa,2017,0,1,7,5,0,0,0,0,0,0,0,0,5
Santo Domingo,2017,643,1223,640,378,4,0,17,10,0,0,0,3,17
No declarada,2017,0,0,0,0,0,0,0,0,0,0,0,0,1
Distrito Nacional,2019,157,2817,1302,65,7,4,9,3,0,0,0,4,45
Azua,2019,0,0,39,137,0,0,0,0,0,0,0,0,18
Baoruco,2019,0,0,60,48,0,0,0,0,0,0,0,0,13
Barahona,2019,0,28,22,61,0,0,0,0,0,0,0,0,15
Dajabón,2019,0,3,9,8,0,0,1,0,0,0,0,0,27
Duarte,2019,1,20,27,54,0,0,0,4,0,0,0,0,14
Elías Piña,2019,0,0,54,19,0,0,0,0,0,0,0,0,4
El Seibo,2019,1,7,12,74,0,0,0,0,0,0,0,0,1
Espaillat,2019,21,17,76,75,0,0,0,0,0,0,0,0,13
Independencia,2019,0,0,9,22,0,0,0,0,0,0,0,0,16
La Altagracia,2019,18,108,75,128,0,0,0,90,25,0,0,0,42
La Romana,2019,3,36,34,25,0,0,0,15,0,0,0,0,4
La Vega,2019,120,35,167,109,0,0,0,0,0,0,0,0,26
María Trinidad Sánchez,2019,4,5,28,108,0,0,0,0,0,0,0,0,20
Monte Cristi,2019,2,14,113,63,0,0,0,0,0,0,0,0,33
Pedernales,2019,0,2,28,5,0,0,1,0,0,0,0,0,17
Peravia,2019,2,14,77,204,0,0,0,0,0,0,0,0,1
Puerto Plata,2019,0,85,96,226,0,0,0,0,0,0,0,2,27
Hermanas Mirabal,2019,0,0,28,35,0,0,1,0,0,0,0,0,6
Samaná,2019,3,7,60,82,0,0,0,0,2,0,0,0,33
San Cristóbal,2019,158,77,354,311,0,0,0,0,0,0,0,0,24
San Juan,2019,0,14,92,83,0,0,1,0,0,0,0,0,21
San Pedro de Macorís,2019,6,74,58,79,0,0,0,105,1,0,0,0,8
Sánchez Ramírez,2019,0,9,155,18,0,0,0,0,0,0,0,0,12
Santiago,2019,256,695,380,325,0,0,1,0,0,0,0,2,32
Santiago Rodríguez,2019,0,2,23,48,0,0,0,0,0,0,0,0,2
Valverde,2019,29,16,59,52,0,0,0,0,0,0,0,0,6
Monseñor Nouel,2019,170,10,48,26,0,0,0,0,0,0,0,0,13
Monte Plata,2019,25,2,46,63,0,0,0,5,0,0,0,0,16
Hato Mayor,2019,0,0,21,44,0,0,0,0,0,0,0,0,1
San José de Ocoa,2019,0,8,22,35,0,0,0,0,0,0,0,0,6
Santo Domingo,2019,1045,2112,1191,761,2,0,19,14,0,2,0,6,144
No declarada,2019,0,0,0,0,0,0,0,0,0,0,0,0,0
Distrito Nacional,2020,88,2097,1175,33,7,3,23,0,0,0,0,14,12
Azua,2020,0,2,28,110,0,0,0,0,0,0,0,0,12
Baoruco,2020,0,2,59,37,0,0,0,0,0,0,0,0,4
Barahona,2020,0,35,29,83,0,0,0,0,0,0,0,1,6
Dajabón,2020,0,2,20,2,0,0,4,0,0,0,0,2,81
Duarte,2020,7,151,210,184,0,0,0,5,0,0,0,3,10
Elías Piña,2020,0,3,79,26,0,0,0,0,0,0,0,0,4
El Seibo,2020,0,10,9,46,0,0,0,0,0,0,0,0,6
Espaillat,2020,18,14,63,30,0,0,0,0,0,0,0,0,3
Independencia,2020,0,0,23,42,0,0,0,0,0,0,0,0,6
La Altagracia,2020,86,83,93,127,0,0,0,9,38,0,2,0,4
La Romana,2020,15,39,57,30,0,0,0,5,0,0,0,0,0
La Vega,2020,133,51,120,95,0,0,0,1,0,0,0,0,15
María Trinidad Sánchez,2020,0,21,48,109,0,0,0,0,0,0,0,0,31
Monte Cristi,2020,6,12,66,87,0,0,0,0,0,0,0,0,59
Pedernales,2020,0,0,22,14,0,0,0,0,0,0,0,1,0
Peravia,2020,0,8,51,143,0,0,0,0,0,0,0,0,2
Puerto Plata,2020,1,101,151,268,0,0,0,0,0,0,0,0,29
Hermanas Mirabal,2020,0,2,66,86,0,0,0,0,0,0,0,0,0
Samaná,2020,4,3,64,137,0,0,0,0,1,0,0,0,36
San Cristóbal,2020,233,50,273,230,0,0,1,0,0,0,0,13,8
San Juan,2020,0,0,58,54,0,0,9,0,0,0,0,5,15
San Pedro de Macorís,2020,1,121,141,103,0,0,1,131,25,0,0,1,23
Sánchez Ramírez,2020,0,8,236,36,0,0,0,0,0,0,0,0,10
Santiago,2020,228,508,344,311,0,0,0,0,0,0,0,131,41
Santiago Rodríguez,2020,0,0,12,19,0,0,0,0,0,0,0,0,4
Valverde,2020,17,10,33,45,0,0,2,0,0,0,0,0,9
Monseñor Nouel,2020,208,7,63,39,0,0,0,0,0,0,0,0,14
Monte Plata,2020,27,0,40,66,0,0,0,0,0,0,0,0,26
Hato Mayor,2020,0,0,22,59,0,0,0,2,0,0,0,1,0
San José de Ocoa,2020,0,13,35,42,0,0,0,0,0,0,0,0,5
Santo Domingo,2020,726,1424,849,610,4,2,27,2,24,0,0,53,97
No declarada,2020,0,0,0,0,0,0,0,0,0,0,0,0,0
Distrito Nacional,2021,149,2743,1351,123,4,0,25,6,0,0,0,9,26
Azua,2021,1,1,20,131,0,0,0,0,0,0,0,0,4
Baoruco,2021,0,4,49,58,0,0,0,0,0,0,0,0,2
Barahona,2021,0,30,39,88,0,0,0,0,0,1,0,1,12
Dajabón,2021,1,0,56,9,0,0,1,0,0,2,0,0,17
Duarte,2021,3,169,214,140,0,0,0,0,0,0,0,4,10
Elías Piña,2021,0,0,55,27,0,0,0,0,0,0,0,0,1
El Seibo,2021,0,17,9,61,0,0,0,0,0,0,0,1,22
Espaillat,2021,37,7,70,57,0,0,0,1,0,0,0,0,7
Independencia,2021,0,0,11,29,0,0,0,0,0,0,0,0,8
La Altagracia,2021,10,103,130,177,0,0,0,76,8,3,0,0,8
La Romana,2021,5,44,26,43,0,0,0,51,0,0,0,1,3
La Vega,2021,156,68,254,128,0,0,0,4,0,0,0,0,5
María Trinidad Sánchez,2021,8,7,52,180,0,0,0,0,0,0,0,0,30
Monte Cristi,2021,16,33,72,81,0,0,2,0,0,0,0,3,23
Pedernales,2021,0,0,29,32,0,0,0,0,0,0,0,0,0
Peravia,2021,0,4,69,136,0,0,0,0,0,0,0,0,1
Puerto Plata,2021,0,117,257,442,0,0,0,0,0,1,1,3,23
Hermanas Mirabal,2021,0,3,44,41,0,0,0,0,0,0,1,0,7
Samaná,2021,1,2,80,73,0,0,0,1,1,0,1,0,25
San Cristóbal,2021,232,74,170,230,0,0,2,0,0,0,0,1,12
San Juan,2021,0,8,77,102,0,0,1,0,0,0,0,0,13
San Pedro de Macorís,2021,1,132,193,157,0,0,1,157,53,0,0,7,23
Sánchez Ramírez,2021,0,15,199,36,0,0,0,0,0,2,0,1,18
Santiago,2021,301,867,513,469,1,0,0,1,0,3,1,5,30
Santiago Rodríguez,2021,2,0,15,22,0,0,0,0,0,0,0,0,4
Valverde,2021,34,16,81,83,0,0,0,0,0,0,0,1,8
Monseñor Nouel,2021,255,14,64,35,0,0,0,0,0,0,0,0,5
Monte Plata,2021,60,0,40,132,0,0,0,3,0,0,0,0,13
Hato Mayor,2021,0,0,83,150,0,0,0,0,0,0,0,0,1
San José de Ocoa,2021,0,11,139,6,0,0,0,0,0,0,0,0,0
Santo Domingo,2021,852,1472,892,454,11,1,17,10,2,0,0,12,86
No declarada,2021,0,0,0,0,0,0,0,0,0,0,0,0,0
Distrito Nacional,2022,130,"2,821","1,334",41,4,1,41,1,0,0,1,12,8
Azua,2022,0,8,60,186,0,0,2,0,0,0,0,0,5
Baoruco,2022,0,5,31,48,0,0,0,0,0,0,0,0,8
Barahona,2022,0,32,41,98,0,0,2,0,0,0,0,0,4
Dajabón,2022,0,3,107,10,0,0,0,0,0,0,1,0,10
Duarte,2022,2,148,156,89,0,0,0,0,0,0,0,0,7
Elías Piña,2022,0,1,93,48,0,0,3,0,0,0,0,0,13
El Seibo,2022,0,27,19,86,0,0,0,0,0,0,0,0,10
Espaillat,2022,41,43,133,162,0,0,0,0,0,0,0,0,8
Independencia,2022,0,1,15,30,0,0,1,0,0,0,0,0,3
La Altagracia,2022,51,191,113,182,0,0,0,28,25,2,0,0,17
La Romana,2022,16,67,87,48,0,0,0,17,0,0,0,0,11
La Vega,2022,174,185,377,175,0,0,4,0,0,0,0,0,12
María Trinidad Sánchez,2022,2,16,57,122,0,0,0,0,0,0,0,0,21
Monte Cristi,2022,1,18,93,57,0,0,0,0,0,0,0,0,24
Pedernales,2022,0,0,38,39,0,0,0,0,0,0,0,0,1
Peravia,2022,0,1,40,153,0,0,0,0,0,0,0,0,0
Puerto Plata,2022,0,274,369,499,0,0,1,2,0,0,4,1,29
Hermanas Mirabal,2022,0,4,41,41,0,0,0,0,0,0,0,1,0
Samaná,2022,4,12,99,134,0,0,0,0,1,0,0,0,28
San Cristóbal,2022,221,90,281,291,0,0,0,0,0,3,0,1,15
San Juan,2022,0,7,72,96,0,0,1,0,0,0,0,0,7
San Pedro de Macorís,2022,8,200,160,117,1,0,0,158,37,1,1,1,32
Sánchez Ramírez,2022,0,3,75,42,0,0,0,0,0,1,0,2,2
Santiago,2022,252,943,550,411,0,0,1,1,0,2,7,1,16
Santiago Rodríguez,2022,1,0,13,24,0,0,0,0,0,0,0,0,4
Valverde,2022,12,8,100,61,0,0,0,0,0,1,0,0,11
Monseñor Nouel,2022,246,26,97,40,0,0,0,5,0,0,0,0,14
Monte Plata,2022,35,2,72,104,0,0,0,2,0,0,0,0,12
Hato Mayor,2022,1,0,55,95,0,0,0,0,0,0,1,0,9
San José de Ocoa,2022,0,2,74,6,0,0,0,0,0,0,0,0,8
Santo Domingo,2022,590,"1,220",724,420,0,8,31,25,0,1,0,12,32
No declarada,2022,0,0,0,0,0,0,0,0,0,0,0,0,0
Distrito Nacional,2023,91,"2,826","1,231",33,13,3,49,1,0,0,0,7,0
Azua,2023,0,16,91,168,0,0,0,0,0,0,0,0,0
Baoruco,2023,0,1,58,49,0,0,0,0,0,0,0,2,2
Barahona,2023,0,18,33,61,0,0,0,0,0,0,0,2,0
Dajabón,2023,0,0,98,4,0,0,0,0,0,0,0,0,0
Duarte,2023,4,17,56,116,0,0,0,0,0,0,0,0,0
Elías Piña,2023,0,0,101,82,0,0,0,0,0,0,0,0,0
El Seibo,2023,0,21,26,145,0,0,0,0,0,0,0,0,3
Espaillat,2023,27,8,106,35,0,0,0,0,0,0,0,0,0
Independencia,2023,0,0,5,35,0,0,0,0,0,0,0,0,0
La Altagracia,2023,71,349,300,273,0,0,0,6,14,0,0,3,3
La Romana,2023,15,179,126,63,0,0,1,26,0,0,1,0,4
La Vega,2023,153,63,225,103,0,0,0,0,0,0,0,0,0
María Trinidad Sánchez,2023,3,10,82,113,0,0,0,0,0,0,0,0,6
Monte Cristi,2023,2,2,131,24,0,0,0,0,0,0,0,0,7
Pedernales,2023,0,0,16,22,0,0,0,0,0,0,0,0,0
Peravia,2023,0,19,84,165,0,0,0,0,0,0,0,0,0
Puerto Plata,2023,0,284,324,487,0,0,0,0,0,0,0,0,8
Hermanas Mirabal,2023,0,3,84,26,0,0,0,0,0,0,0,1,0
Samaná,2023,0,9,70,145,0,0,0,0,0,0,0,4,0
San Cristóbal,2023,274,98,239,434,0,0,0,0,0,0,0,0,3
San Juan,2023,0,10,59,107,0,0,0,0,0,0,0,0,1
San Pedro de Macorís,2023,1,170,197,113,0,0,0,171,26,0,0,4,2
Sánchez Ramírez,2023,0,4,72,60,0,0,0,0,0,0,0,0,0
Santiago,2023,288,705,326,293,0,0,0,0,0,0,1,0,2
Santiago Rodríguez,2023,2,3,10,32,0,0,0,0,0,0,0,0,0
Valverde,2023,55,35,108,129,0,0,0,0,0,0,1,0,0
Monseñor Nouel,2023,268,28,164,50,0,0,0,0,0,0,0,0,1
Monte Plata,2023,43,3,130,98,0,0,0,0,0,0,0,0,0
Hato Mayor,2023,0,0,53,141,0,0,0,0,0,0,0,0,0
San José de Ocoa,2023,0,8,109,61,0,0,0,0,0,0,0,0,0
Santo Domingo,2023,536,"1,157",636,437,7,2,22,5,0,0,4,3,9
No declarada,2023,0,0,0,0,0,0,0,0,0,0,0,0,0
Distrito Nacional,2024,140,"3,220","1,281",52,13,5,48,0,0,0,0,7,2
Azua,2024,0,10,23,135,0,0,0,0,0,0,0,0,0
Baoruco,2024,0,0,94,72,0,0,0,0,0,0,2,0,1
Barahona,2024,0,21,11,62,0,0,0,0,0,0,0,0,0
Dajabón,2024,0,3,48,7,0,0,0,0,0,0,0,0,3
Duarte,2024,1,57,71,51,0,0,1,0,0,0,0,0,0
Elías Piña,2024,0,0,67,49,0,0,0,0,0,0,0,0,0
El Seibo,2024,0,34,60,193,0,0,1,0,0,0,0,0,2
Espaillat,2024,22,12,51,59,0,0,0,0,0,0,1,0,0
Independencia,2024,0,0,7,5,0,0,0,0,0,0,0,0,0
La Altagracia,2024,41,375,256,321,0,0,0,53,1,0,0,0,1
La Romana,2024,4,74,58,26,0,0,0,94,0,0,0,0,0
La Vega,2024,127,48,190,66,0,0,0,0,0,0,0,0,0
María Trinidad Sánchez,2024,22,14,63,111,0,0,0,0,0,0,0,0,1
Monte Cristi,2024,4,6,70,13,0,0,0,0,0,0,0,0,1
Pedernales,2024,1,2,45,22,0,0,0,0,0,0,0,0,0
Peravia,2024,1,27,110,297,0,0,0,0,0,0,0,0,0
Puerto Plata,2024,2,234,463,457,0,0,0,0,0,0,0,0,2
Hermanas Mirabal,2024,0,2,61,65,0,0,0,0,0,0,0,0,0
Samaná,2024,0,26,82,170,0,0,0,0,0,0,0,0,0
San Cristóbal,2024,499,150,380,619,0,0,0,0,0,0,0,0,3
San Juan,2024,0,12,118,174,0,0,0,0,0,0,0,0,3
San Pedro de Macorís,2024,2,243,353,161,0,0,0,257,25,0,0,1,3
Sánchez Ramírez,2024,0,7,91,31,0,0,0,0,0,0,0,0,0
Santiago,2024,264,612,324,297,1,0,0,3,0,0,3,1,1
Santiago Rodríguez,2024,0,4,21,50,0,0,0,0,0,0,0,0,0
Valverde,2024,42,33,76,115,0,0,0,0,0,0,0,0,0
Monseñor Nouel,2024,175,6,52,35,2,0,0,0,0,0,0,0,0
Monte Plata,2024,143,4,84,192,0,0,0,6,0,0,0,0,0
Hato Mayor,2024,0,3,92,192,0,0,0,0,0,0,0,0,1
San José de Ocoa,2024,0,17,149,69,0,0,0,0,0,0,0,0,0
Santo Domingo,2024,735,"1,262",654,386,6,1,14,20,0,0,0,5,7
No declarada,2024,0,0,0,0,0,0,0,0,0,0,0,0,0
